Ref,Val,Package,PosX,PosY,Rot,Side
"BT401","Battery","JST_PH_S2B-PH-SM4-TB_1x02-1MP_P2.00mm_Horizontal",85.750000,-152.900000,180.000000,bottom
"C501","0.1uF","C_0603_1608Metric",106.450000,-60.222500,270.000000,bottom
"C502","1uF","C_0603_1608Metric",104.200000,-60.212500,270.000000,bottom
"C503","0.1uF","C_0603_1608Metric",105.737500,-51.900000,0.000000,bottom
"C506","3.3uF","C_0603_1608Metric",101.537500,-59.400000,0.000000,bottom
"C507","0.1uF","C_0603_1608Metric",110.960000,-50.612500,90.000000,bottom
"C511","1uF Ceramic","C_0603_1608Metric",94.400000,-53.612500,90.000000,bottom
"C601","10uF","C_1206_3216Metric",77.120000,-126.160000,90.000000,bottom
"J601","USB_MICRO_RIGHT","MF_Connectors-MICROUSB-RIGHT",70.330000,-131.800000,90.000000,bottom
"R501","20K","R_0805_2012Metric",101.940000,-50.282500,270.000000,bottom
"R502","20K","R_0805_2012Metric",96.830000,-50.262500,90.000000,bottom
"R503","20K","R_0805_2012Metric",99.900000,-61.750000,0.000000,bottom
"R504","20K","R_0805_2012Metric",95.200000,-61.800000,0.000000,bottom
"SW401","POWER ON","SW_SPDT_PCM12",71.000000,-121.000000,90.000000,bottom
"U501","CS4344-CZZ","TSSOP-10_3x3mm_Pitch0.5mm",110.200000,-55.400000,180.000000,bottom
"U502","LM4880","SOIC-8_3.9x4.9mm_P1.27mm",100.600000,-55.400000,0.000000,bottom
"U602","TPD3E001DRLR","SOT-553",76.510000,-129.810000,0.000000,bottom
"C101","12pF","C_0805_2012Metric",117.662000,-99.400000,180.000000,top
"C102","12pF","C_0805_2012Metric",114.200000,-99.800000,270.000000,top
"C301","1uF","C_0603_1608Metric",108.200000,-194.200000,180.000000,top
"C302","0.1uF","C_0603_1608Metric",108.212500,-191.600000,180.000000,top
"C303","1uF","C_0603_1608Metric",111.000000,-190.800000,90.000000,top
"C304","0.1uF","C_0603_1608Metric",111.000000,-187.600000,270.000000,top
"C305","1uF","C_0603_1608Metric",102.570000,-197.010000,0.000000,top
"C306","0.1uF","C_0603_1608Metric",102.570000,-200.060000,0.000000,top
"C309","1uF","C_0603_1608Metric",109.600000,-202.600000,270.000000,top
"C401","10uF","C_1206_3216Metric",93.400000,-137.100000,0.000000,top
"C402","10uF","C_1206_3216Metric",93.400000,-134.000000,0.000000,top
"C403","10uF","C_1206_3216Metric",93.530000,-144.360000,0.000000,top
"C404","10uF","C_1206_3216Metric",93.600000,-141.000000,0.000000,top
"C405","10uF","C_1206_3216Metric",87.800000,-134.400000,270.000000,top
"C406","1uF","C_0603_1608Metric",93.657500,-147.940000,0.000000,top
"C407","0.1uF","C_0603_1608Metric",85.620000,-155.490000,90.000000,top
"C408","0.47uF","C_0603_1608Metric",93.222500,-155.310000,180.000000,top
"C504","3.3uF","CP_Elec_5x5.3",96.780000,-55.140000,270.000000,top
"C505","100uF","MF_Passives-CP6.3MM",118.370000,-66.280000,0.000000,top
"C508","3.3uF","CP_Elec_5x5.3",114.050000,-55.220000,270.000000,top
"C509","10uF","MF_Passives-CP4MM",110.447520,-61.010000,90.000000,top
"C510","100uF","MF_Passives-CP6.3MM",125.990000,-66.190000,0.000000,top
"C602","0.1uF","C_0603_1608Metric",92.680000,-80.080000,0.000000,top
"C603","10uF","C_1206_3216Metric",106.200000,-97.400000,0.000000,top
"C604","0.1uF","C_0603_1608Metric",101.612000,-97.400000,0.000000,top
"D201","LED_ARGB","LED_Cree-PLCC4_3.2x2.8mm_CCW",69.010000,-140.910000,270.000000,top
"D202","LED_ARGB","LED_Cree-PLCC4_3.2x2.8mm_CCW",69.010000,-145.910000,270.000000,top
"D203","LED_ARGB","LED_Cree-PLCC4_3.2x2.8mm_CCW",69.010000,-150.910000,270.000000,top
"D204","LED_ARGB","LED_Cree-PLCC4_3.2x2.8mm_CCW",69.010000,-155.910000,270.000000,top
"D205","LED_ARGB","LED_Cree-PLCC4_3.2x2.8mm_CCW",69.010000,-160.910000,270.000000,top
"D206","LED_ARGB","LED_Cree-PLCC4_3.2x2.8mm_CCW",69.010000,-165.910000,270.000000,top
"D207","LED_ARGB","LED_Cree-PLCC4_3.2x2.8mm_CCW",69.010000,-170.910000,270.000000,top
"D208","LED_ARGB","LED_Cree-PLCC4_3.2x2.8mm_CCW",69.010000,-175.910000,270.000000,top
"D209","LED_ARGB","LED_Cree-PLCC4_3.2x2.8mm_CCW",69.900300,-194.574000,285.000000,top
"D210","LED_ARGB","LED_Cree-PLCC4_3.2x2.8mm_CCW",76.900000,-207.500000,270.000000,top
"D211","LED_ARGB","LED_Cree-PLCC4_3.2x2.8mm_CCW",80.600000,-211.200000,270.000000,top
"D212","LED_ARGB","LED_Cree-PLCC4_3.2x2.8mm_CCW",84.300000,-213.400000,270.000000,top
"D213","LED_ARGB","LED_Cree-PLCC4_3.2x2.8mm_CCW",88.100000,-216.300000,270.000000,top
"D214","LED_ARGB","LED_Cree-PLCC4_3.2x2.8mm_CCW",92.400000,-218.000000,270.000000,top
"D215","LED_ARGB","LED_Cree-PLCC4_3.2x2.8mm_CCW",96.700000,-219.800000,270.000000,top
"D216","LED_ARGB","LED_Cree-PLCC4_3.2x2.8mm_CCW",102.700000,-220.900000,270.000000,top
"D217","LED_ARGB","LED_Cree-PLCC4_3.2x2.8mm_CCW",108.000000,-220.900000,90.000000,top
"D218","LED_ARGB","LED_Cree-PLCC4_3.2x2.8mm_CCW",113.200000,-219.800000,90.000000,top
"D219","LED_ARGB","LED_Cree-PLCC4_3.2x2.8mm_CCW",117.400000,-218.000000,90.000000,top
"D220","LED_ARGB","LED_Cree-PLCC4_3.2x2.8mm_CCW",121.300000,-216.300000,90.000000,top
"D221","LED_ARGB","LED_Cree-PLCC4_3.2x2.8mm_CCW",125.200000,-213.400000,90.000000,top
"D222","LED_ARGB","LED_Cree-PLCC4_3.2x2.8mm_CCW",129.000000,-211.200000,90.000000,top
"D223","LED_ARGB","LED_Cree-PLCC4_3.2x2.8mm_CCW",132.700000,-207.500000,90.000000,top
"D224","LED_ARGB","LED_Cree-PLCC4_3.2x2.8mm_CCW",140.200000,-194.574000,75.000000,top
"D225","LED_ARGB","LED_Cree-PLCC4_3.2x2.8mm_CCW",141.740000,-175.910000,90.000000,top
"D226","LED_ARGB","LED_Cree-PLCC4_3.2x2.8mm_CCW",141.740000,-170.910000,90.000000,top
"D227","LED_ARGB","LED_Cree-PLCC4_3.2x2.8mm_CCW",141.740000,-165.910000,90.000000,top
"D228","LED_ARGB","LED_Cree-PLCC4_3.2x2.8mm_CCW",141.740000,-160.910000,90.000000,top
"D229","LED_ARGB","LED_Cree-PLCC4_3.2x2.8mm_CCW",141.740000,-155.910000,90.000000,top
"D230","LED_ARGB","LED_Cree-PLCC4_3.2x2.8mm_CCW",141.740000,-150.910000,90.000000,top
"D231","LED_ARGB","LED_Cree-PLCC4_3.2x2.8mm_CCW",141.740000,-145.910000,90.000000,top
"D232","LED_ARGB","LED_Cree-PLCC4_3.2x2.8mm_CCW",141.740000,-140.910000,90.000000,top
"D401","CHG","D_0603_1608Metric",81.400000,-112.400000,270.000000,top
"D402","DONE","D_0603_1608Metric",81.400000,-117.900000,270.000000,top
"D601","TX LED","D_0603_1608Metric",103.800000,-108.600000,270.000000,top
"D602","RX LED","D_0603_1608Metric",101.000000,-108.612000,270.000000,top
"J101","Conn_ARM_JTAG_SWD_10","PinHeader_2x05_P1.27mm_Vertical_SMD",81.450000,-102.750000,0.000000,top
"J102","ShittyAddOnL","PinSocket_2x02_P2.54mm_Vertical_SMD",139.000000,-184.300000,0.000000,top
"J103","ShittyAddOnR","PinSocket_2x02_P2.54mm_Vertical_SMD",71.300000,-183.800000,0.000000,top
"J104","Conn_02x20_Odd_Even","SAMTEC-SSM-120-X-DV",105.330000,-126.600000,0.000000,top
"R101","10K","R_0603_1608Metric",81.800000,-94.400000,90.000000,top
"R102","10K","R_0603_1608Metric",87.812500,-95.200000,0.000000,top
"R103","10K","R_0603_1608Metric",84.187500,-95.200000,0.000000,top
"R301","10k","R_0603_1608Metric",114.012500,-204.940000,0.000000,top
"R302","20K","R_0603_1608Metric",108.512500,-200.000000,0.000000,top
"R303","10k","R_0603_1608Metric",118.162500,-205.010000,0.000000,top
"R401","1K","R_0603_1608Metric",85.000000,-112.300000,270.000000,top
"R402","1K","R_0603_1608Metric",85.000000,-117.900000,270.000000,top
"R403","2.0k","R_0603_1608Metric",77.800000,-139.600000,180.000000,top
"R404","0.01, 1% ","R_0603_1608Metric",80.200000,-151.877500,270.000000,top
"R601","1k","R_0603_1608Metric",98.000000,-97.400000,180.000000,top
"R602","47","R_0603_1608Metric",106.800000,-108.612000,270.000000,top
"R603","47","R_0603_1608Metric",98.200000,-108.612000,270.000000,top
"R604","22.1k","R_0603_1608Metric",91.800000,-85.000000,90.000000,top
"R605","47.5k","R_0603_1608Metric",91.800000,-89.000000,270.000000,top
"SW101","UP","MF_Switches-TACT4.2MM",111.215000,-72.005000,270.000000,top
"SW102","DN","MF_Switches-TACT4.2MM",99.215000,-72.005000,270.000000,top
"SW103","LEFT","MF_Switches-TACT4.2MM",105.215000,-66.005000,270.000000,top
"SW104","RIGHT","MF_Switches-TACT4.2MM",105.215000,-78.005000,270.000000,top
"SW105","A","MF_Switches-TACT4.2MM",99.110000,-208.840000,0.000000,top
"SW106","B","MF_Switches-TACT4.2MM",111.110000,-208.840000,0.000000,top
"SW107","ENTER","MF_Switches-TACT4.2MM",105.110000,-214.840000,0.000000,top
"SW108","RESET","MF_Switches-TACT4.2MM",140.300000,-135.300000,0.000000,top
"U100","BMD-340-A-R-DC27-peripheral-cache","RIGADO_BMD-340-A-R",129.300000,-106.700000,180.000000,top
"U301","IS31FL3216A","QFN-40-1EP_5x5mm_P0.4mm_EP3.6x3.6mm",114.620000,-198.130000,180.000000,top
"U401","MCP73831-2-OT","SOT-23-5",83.700000,-134.150000,180.000000,top
"U402","LM1117-3.3","SOT-223",85.400000,-141.000000,180.000000,top
"U403","MAX17055","SON50P300X300X80-11N",89.610000,-152.570000,0.000000,top
"U601","CP2102N-A01-GQFN28","QFN-28-1EP_5x5mm_P0.5mm_EP3.35x3.35mm_ThermalVias",102.200000,-102.400000,270.000000,top
"Y101","32.768Khz XTAL","Crystal_SMD_MicroCrystal_CC7V-T1A-2Pin_3.2x1.5mm",116.300000,-96.400000,180.000000,top
